{
  "model_name": "d_1k_final",
  "model_path": "/data/home/jeffrey/banana_hn_controls/training/colflor-d-1k/final",
  "domain": "energy",
  "dataset": "vidore/vidore_v3_energy",
  "metrics": {
    "recall@1": 0.06419468206559853,
    "recall@5": 0.15238032501304757,
    "recall@10": 0.2111696118994637,
    "ndcg@5": 0.1399170044387729,
    "ndcg@10": 0.15891543270069178,
    "num_eval_queries": 1848
  },
  "elapsed_sec": 375.77879548072815,
  "num_queries": 1848,
  "num_corpus_scored": 2225,
  "top_k": 10
}