{
  "model_name": "d_1k_final",
  "model_path": "/data/home/jeffrey/banana_hn_controls/training/colflor-d-1k/final",
  "domain": "pharmaceuticals",
  "dataset": "vidore/vidore_v3_pharmaceuticals",
  "metrics": {
    "recall@1": 0.06550100809879553,
    "recall@5": 0.13495891135243304,
    "recall@10": 0.17739177662008226,
    "ndcg@5": 0.13407177543701487,
    "ndcg@10": 0.14678816412126003,
    "num_eval_queries": 2184
  },
  "elapsed_sec": 386.5560657978058,
  "num_queries": 2184,
  "num_corpus_scored": 2313,
  "top_k": 10
}
