{
  "model_name": "d_1k_final",
  "model_path": "/data/home/jeffrey/banana_hn_controls/training/colflor-d-1k/final",
  "domain": "physics",
  "dataset": "vidore/vidore_v3_physics",
  "metrics": {
    "recall@1": 0.039116472790281916,
    "recall@5": 0.10906243377107905,
    "recall@10": 0.15499298468825112,
    "ndcg@5": 0.12387497288346078,
    "ndcg@10": 0.13643684299169007,
    "num_eval_queries": 1812
  },
  "elapsed_sec": 292.4653289318085,
  "num_queries": 1812,
  "num_corpus_scored": 1674,
  "top_k": 10
}
