{
  "model_name": "vdr_random_hn_1k_final",
  "model_path": "/data/home/jeffrey/banana_hn_controls/training/colflor-vdr-50k-random-hn-1k/final",
  "domain": "computer_science",
  "dataset": "vidore/vidore_v3_computer_science",
  "metrics": {
    "recall@1": 0.06779689087828634,
    "recall@5": 0.17730240904659508,
    "recall@10": 0.23728239245681101,
    "ndcg@5": 0.18320594753954988,
    "ndcg@10": 0.20083837835361412,
    "num_eval_queries": 1290
  },
  "elapsed_sec": 211.35944819450378,
  "num_queries": 1290,
  "num_corpus_scored": 1360,
  "top_k": 10
}
