{
  "model_name": "vdr_random_hn_1k_final",
  "model_path": "/data/home/jeffrey/banana_hn_controls/training/colflor-vdr-50k-random-hn-1k/final",
  "domain": "energy",
  "dataset": "vidore/vidore_v3_energy",
  "metrics": {
    "recall@1": 0.05766334187213245,
    "recall@5": 0.14868165198129515,
    "recall@10": 0.205732946512706,
    "ndcg@5": 0.13510992380407338,
    "ndcg@10": 0.15331179446212662,
    "num_eval_queries": 1848
  },
  "elapsed_sec": 378.06108593940735,
  "num_queries": 1848,
  "num_corpus_scored": 2225,
  "top_k": 10
}