{
  "model_name": "vdr_random_hn_1k_final",
  "model_path": "/data/home/jeffrey/banana_hn_controls/training/colflor-vdr-50k-random-hn-1k/final",
  "domain": "finance_fr",
  "dataset": "vidore/vidore_v3_finance_fr",
  "metrics": {
    "recall@1": 0.02703440822351671,
    "recall@5": 0.07879174773876033,
    "recall@10": 0.12366699470556664,
    "ndcg@5": 0.07356515933762858,
    "ndcg@10": 0.08993100683359077,
    "num_eval_queries": 1920
  },
  "elapsed_sec": 400.13101029396057,
  "num_queries": 1920,
  "num_corpus_scored": 2384,
  "top_k": 10
}
