{
  "model_name": "vdr_random_hn_1k_final",
  "model_path": "/data/home/jeffrey/banana_hn_controls/training/colflor-vdr-50k-random-hn-1k/final",
  "domain": "finance_en",
  "dataset": "vidore/vidore_v3_finance_en",
  "metrics": {
    "recall@1": 0.052616832051516016,
    "recall@5": 0.12407751103170757,
    "recall@10": 0.16652623472772599,
    "ndcg@5": 0.12062652405514408,
    "ndcg@10": 0.13519291454214616,
    "num_eval_queries": 1854
  },
  "elapsed_sec": 517.2154860496521,
  "num_queries": 1854,
  "num_corpus_scored": 2942,
  "top_k": 10
}