{
  "model_name": "vdr_random_hn_1k_final",
  "model_path": "/data/home/jeffrey/banana_hn_controls/training/colflor-vdr-50k-random-hn-1k/final",
  "domain": "industrial",
  "dataset": "vidore/vidore_v3_industrial",
  "metrics": {
    "recall@1": 0.03256220206308548,
    "recall@5": 0.06988499705247106,
    "recall@10": 0.08693847498585351,
    "ndcg@5": 0.06948307543873744,
    "ndcg@10": 0.07388715953900302,
    "num_eval_queries": 1698
  },
  "elapsed_sec": 891.8022351264954,
  "num_queries": 1698,
  "num_corpus_scored": 5244,
  "top_k": 10
}
