{
  "model_name": "vdr_random_hn_1k_final",
  "model_path": "/data/home/jeffrey/banana_hn_controls/training/colflor-vdr-50k-random-hn-1k/final",
  "domain": "physics",
  "dataset": "vidore/vidore_v3_physics",
  "metrics": {
    "recall@1": 0.03712084009545792,
    "recall@5": 0.10852098052379142,
    "recall@10": 0.15711014074413915,
    "ndcg@5": 0.12089302918543596,
    "ndcg@10": 0.13490401386519116,
    "num_eval_queries": 1812
  },
  "elapsed_sec": 319.65373706817627,
  "num_queries": 1812,
  "num_corpus_scored": 1674,
  "top_k": 10
}
