{
  "model_name": "c_full_1k_best",
  "model_path": "/data/home/jeffrey/banana_hn_controls/training/colflor-c-full-1k/best",
  "domain": "computer_science",
  "dataset": "vidore/vidore_v3_computer_science",
  "metrics": {
    "recall@1": 0.06198398285607599,
    "recall@5": 0.16518589076728604,
    "recall@10": 0.22551634196983034,
    "ndcg@5": 0.17078576425820824,
    "ndcg@10": 0.18878261703981697,
    "num_eval_queries": 1290
  },
  "elapsed_sec": 241.27500748634338,
  "num_queries": 1290,
  "num_corpus_scored": 1360,
  "top_k": 10
}
