{
  "model_name": "c_full_1k_best",
  "model_path": "/data/home/jeffrey/banana_hn_controls/training/colflor-c-full-1k/best",
  "domain": "hr",
  "dataset": "vidore/vidore_v3_hr",
  "metrics": {
    "recall@1": 0.036308100353288957,
    "recall@5": 0.09111756199284375,
    "recall@10": 0.1282575324317839,
    "ndcg@5": 0.09291336726052093,
    "ndcg@10": 0.10382818808947034,
    "num_eval_queries": 1908
  },
  "elapsed_sec": 198.06835007667542,
  "num_queries": 1908,
  "num_corpus_scored": 1110,
  "top_k": 10
}
