{
  "model_name": "c_full_1k_best",
  "model_path": "/data/home/jeffrey/banana_hn_controls/training/colflor-c-full-1k/best",
  "domain": "pharmaceuticals",
  "dataset": "vidore/vidore_v3_pharmaceuticals",
  "metrics": {
    "recall@1": 0.0630926777906995,
    "recall@5": 0.13835579547814722,
    "recall@10": 0.17322955162036688,
    "ndcg@5": 0.1378276787074035,
    "ndcg@10": 0.14683066855955462,
    "num_eval_queries": 2184
  },
  "elapsed_sec": 431.04696798324585,
  "num_queries": 2184,
  "num_corpus_scored": 2313,
  "top_k": 10
}