{
  "model_name": "vdr_voyage_hn_1k_best",
  "model_path": "/data/home/jeffrey/banana_hn_controls/training/colflor-vdr-50k-voyage-hn-1k/best",
  "domain": "energy",
  "dataset": "vidore/vidore_v3_energy",
  "metrics": {
    "recall@1": 0.06536700463872426,
    "recall@5": 0.15183985135762146,
    "recall@10": 0.21096496414225852,
    "ndcg@5": 0.1407747887167753,
    "ndcg@10": 0.15950880486625413,
    "num_eval_queries": 1848
  },
  "elapsed_sec": 383.0094413757324,
  "num_queries": 1848,
  "num_corpus_scored": 2225,
  "top_k": 10
}
