{
  "model_name": "vdr_voyage_hn_1k_best",
  "model_path": "/data/home/jeffrey/banana_hn_controls/training/colflor-vdr-50k-voyage-hn-1k/best",
  "domain": "finance_fr",
  "dataset": "vidore/vidore_v3_finance_fr",
  "metrics": {
    "recall@1": 0.031365058254993965,
    "recall@5": 0.08557034185166357,
    "recall@10": 0.1283080770431775,
    "ndcg@5": 0.07910009577899402,
    "ndcg@10": 0.09482942064667355,
    "num_eval_queries": 1920
  },
  "elapsed_sec": 407.395800113678,
  "num_queries": 1920,
  "num_corpus_scored": 2384,
  "top_k": 10
}
