{
  "model_name": "vdr_voyage_hn_1k_best",
  "model_path": "/data/home/jeffrey/banana_hn_controls/training/colflor-vdr-50k-voyage-hn-1k/best",
  "domain": "hr",
  "dataset": "vidore/vidore_v3_hr",
  "metrics": {
    "recall@1": 0.035996791160948456,
    "recall@5": 0.08738522339997862,
    "recall@10": 0.1179203967032703,
    "ndcg@5": 0.08956393228386549,
    "ndcg@10": 0.09843332413462998,
    "num_eval_queries": 1908
  },
  "elapsed_sec": 194.10033059120178,
  "num_queries": 1908,
  "num_corpus_scored": 1110,
  "top_k": 10
}