{
  "model_name": "vdr_voyage_hn_1k_best",
  "model_path": "/data/home/jeffrey/banana_hn_controls/training/colflor-vdr-50k-voyage-hn-1k/best",
  "domain": "industrial",
  "dataset": "vidore/vidore_v3_industrial",
  "metrics": {
    "recall@1": 0.03389969456665573,
    "recall@5": 0.06605230580552081,
    "recall@10": 0.08742933395179903,
    "ndcg@5": 0.06826078024844609,
    "ndcg@10": 0.07438633276408864,
    "num_eval_queries": 1698
  },
  "elapsed_sec": 864.8759534358978,
  "num_queries": 1698,
  "num_corpus_scored": 5244,
  "top_k": 10
}
