{
  "model_name": "vdr_voyage_hn_1k_best",
  "model_path": "/data/home/jeffrey/banana_hn_controls/training/colflor-vdr-50k-voyage-hn-1k/best",
  "domain": "physics",
  "dataset": "vidore/vidore_v3_physics",
  "metrics": {
    "recall@1": 0.03772423394915164,
    "recall@5": 0.11136804412626786,
    "recall@10": 0.1607908476943331,
    "ndcg@5": 0.12665677611362133,
    "ndcg@10": 0.14017727519508855,
    "num_eval_queries": 1812
  },
  "elapsed_sec": 308.63684344291687,
  "num_queries": 1812,
  "num_corpus_scored": 1674,
  "top_k": 10
}