{
  "model_name": "c_hn_1k_final",
  "model_path": "/data/home/jeffrey/banana_hn_controls/training/colflor-c-hn-1k/final",
  "domain": "finance_fr",
  "dataset": "vidore/vidore_v3_finance_fr",
  "metrics": {
    "recall@1": 0.026579744724525758,
    "recall@5": 0.08160999264991164,
    "recall@10": 0.12205122945881987,
    "ndcg@5": 0.07358388561588178,
    "ndcg@10": 0.08841558029762822,
    "num_eval_queries": 1920
  },
  "elapsed_sec": 405.1543822288513,
  "num_queries": 1920,
  "num_corpus_scored": 2384,
  "top_k": 10
}
