{
  "model_name": "c_hn_1k_final",
  "model_path": "/data/home/jeffrey/banana_hn_controls/training/colflor-c-hn-1k/final",
  "domain": "hr",
  "dataset": "vidore/vidore_v3_hr",
  "metrics": {
    "recall@1": 0.03739362672176118,
    "recall@5": 0.08684229295096554,
    "recall@10": 0.12662793681824147,
    "ndcg@5": 0.09070028200100852,
    "ndcg@10": 0.1026051284271958,
    "num_eval_queries": 1908
  },
  "elapsed_sec": 199.73390555381775,
  "num_queries": 1908,
  "num_corpus_scored": 1110,
  "top_k": 10
}