{
  "model_name": "c_hn_1k_final",
  "model_path": "/data/home/jeffrey/banana_hn_controls/training/colflor-c-hn-1k/final",
  "domain": "pharmaceuticals",
  "dataset": "vidore/vidore_v3_pharmaceuticals",
  "metrics": {
    "recall@1": 0.06666694381143452,
    "recall@5": 0.139419434354892,
    "recall@10": 0.17920640407862376,
    "ndcg@5": 0.1380714301541905,
    "ndcg@10": 0.14966083999520993,
    "num_eval_queries": 2184
  },
  "elapsed_sec": 381.64923453330994,
  "num_queries": 2184,
  "num_corpus_scored": 2313,
  "top_k": 10
}
