{
  "model_name": "c_hn_1k_final",
  "model_path": "/data/home/jeffrey/banana_hn_controls/training/colflor-c-hn-1k/final",
  "domain": "physics",
  "dataset": "vidore/vidore_v3_physics",
  "metrics": {
    "recall@1": 0.03573781364542017,
    "recall@5": 0.10620113104821546,
    "recall@10": 0.15537775213770608,
    "ndcg@5": 0.11978500157793037,
    "ndcg@10": 0.133965648210909,
    "num_eval_queries": 1812
  },
  "elapsed_sec": 309.5948655605316,
  "num_queries": 1812,
  "num_corpus_scored": 1674,
  "top_k": 10
}