{
  "model_name": "c_full_1k_final",
  "model_path": "/data/home/jeffrey/banana_hn_controls/training/colflor-c-full-1k/final",
  "domain": "energy",
  "dataset": "vidore/vidore_v3_energy",
  "metrics": {
    "recall@1": 0.04889896587702524,
    "recall@5": 0.13183645663157795,
    "recall@10": 0.17924247547625272,
    "ndcg@5": 0.11591766679583229,
    "ndcg@10": 0.1324330605334017,
    "num_eval_queries": 1848
  },
  "elapsed_sec": 470.6137320995331,
  "num_queries": 1848,
  "num_corpus_scored": 2225,
  "top_k": 10
}