{
  "model_name": "c_full_1k_final",
  "model_path": "/data/home/jeffrey/banana_hn_controls/training/colflor-c-full-1k/final",
  "domain": "finance_fr",
  "dataset": "vidore/vidore_v3_finance_fr",
  "metrics": {
    "recall@1": 0.023707803039144968,
    "recall@5": 0.06750422971565853,
    "recall@10": 0.10178755210430318,
    "ndcg@5": 0.06071359607560921,
    "ndcg@10": 0.07348101586909227,
    "num_eval_queries": 1920
  },
  "elapsed_sec": 471.52593874931335,
  "num_queries": 1920,
  "num_corpus_scored": 2384,
  "top_k": 10
}
