{
  "model_name": "c_full_1k_final",
  "model_path": "/data/home/jeffrey/banana_hn_controls/training/colflor-c-full-1k/final",
  "domain": "hr",
  "dataset": "vidore/vidore_v3_hr",
  "metrics": {
    "recall@1": 0.035887433907299766,
    "recall@5": 0.09173616945107387,
    "recall@10": 0.1274595489687061,
    "ndcg@5": 0.09318019360375673,
    "ndcg@10": 0.10345456911033712,
    "num_eval_queries": 1908
  },
  "elapsed_sec": 232.12718772888184,
  "num_queries": 1908,
  "num_corpus_scored": 1110,
  "top_k": 10
}