{
  "model_name": "c_full_1k_final",
  "model_path": "/data/home/jeffrey/banana_hn_controls/training/colflor-c-full-1k/final",
  "domain": "industrial",
  "dataset": "vidore/vidore_v3_industrial",
  "metrics": {
    "recall@1": 0.03679760561386008,
    "recall@5": 0.07864347016894842,
    "recall@10": 0.10300630926551592,
    "ndcg@5": 0.07838883000316463,
    "ndcg@10": 0.08578413815513486,
    "num_eval_queries": 1698
  },
  "elapsed_sec": 1110.6380453109741,
  "num_queries": 1698,
  "num_corpus_scored": 5244,
  "top_k": 10
}