{
  "model_name": "c_full_1k_final",
  "model_path": "/data/home/jeffrey/banana_hn_controls/training/colflor-c-full-1k/final",
  "domain": "pharmaceuticals",
  "dataset": "vidore/vidore_v3_pharmaceuticals",
  "metrics": {
    "recall@1": 0.06299728707030879,
    "recall@5": 0.13781162810705677,
    "recall@10": 0.1727533248048543,
    "ndcg@5": 0.13755117255100197,
    "ndcg@10": 0.14637917113744528,
    "num_eval_queries": 2184
  },
  "elapsed_sec": 467.3764555454254,
  "num_queries": 2184,
  "num_corpus_scored": 2313,
  "top_k": 10
}
