{
  "model_name": "c_full_1k_final",
  "model_path": "/data/home/jeffrey/banana_hn_controls/training/colflor-c-full-1k/final",
  "domain": "physics",
  "dataset": "vidore/vidore_v3_physics",
  "metrics": {
    "recall@1": 0.027611220848693455,
    "recall@5": 0.08814542748858686,
    "recall@10": 0.13698028022751568,
    "ndcg@5": 0.1035988144026499,
    "ndcg@10": 0.1181862278803379,
    "num_eval_queries": 1812
  },
  "elapsed_sec": 395.1203119754791,
  "num_queries": 1812,
  "num_corpus_scored": 1674,
  "top_k": 10
}