{
  "model_name": "baseline_vdr_50k_final",
  "model_path": "/data/home/jeffrey/banana_colflor_baseline/output/training/colflor-vdr-50k-b32-baseline/final",
  "domain": "hr",
  "dataset": "vidore/vidore_v3_hr",
  "metrics": {
    "recall@1": 0.03588699093322371,
    "recall@5": 0.08634761142168002,
    "recall@10": 0.12015848666474326,
    "ndcg@5": 0.0883467155039042,
    "ndcg@10": 0.09790829141409137,
    "num_eval_queries": 1908
  },
  "elapsed_sec": 201.85343384742737,
  "num_queries": 1908,
  "num_corpus_scored": 1110,
  "top_k": 10
}
