{
  "model_name": "baseline_vdr_50k_final",
  "model_path": "/data/home/jeffrey/banana_colflor_baseline/output/training/colflor-vdr-50k-b32-baseline/final",
  "domain": "industrial",
  "dataset": "vidore/vidore_v3_industrial",
  "metrics": {
    "recall@1": 0.03573820744757143,
    "recall@5": 0.0703890955910219,
    "recall@10": 0.0885520105330006,
    "ndcg@5": 0.0716158570396945,
    "ndcg@10": 0.07643117106277529,
    "num_eval_queries": 1698
  },
  "elapsed_sec": 916.3927030563354,
  "num_queries": 1698,
  "num_corpus_scored": 5244,
  "top_k": 10
}
