{
  "model_name": "c_mp_only_final",
  "model_path": "/data/home/jeffrey/banana_hn_controls/training/colflor-c-mp-only/final",
  "domain": "finance_en",
  "dataset": "vidore/vidore_v3_finance_en",
  "metrics": {
    "recall@1": 0.04855902459327071,
    "recall@5": 0.10547062699697282,
    "recall@10": 0.15987026254284536,
    "ndcg@5": 0.10810995138579384,
    "ndcg@10": 0.12736771824742169,
    "num_eval_queries": 1854
  },
  "elapsed_sec": 531.7795588970184,
  "num_queries": 1854,
  "num_corpus_scored": 2942,
  "top_k": 10
}