{
  "model_name": "c_mp_only_final",
  "model_path": "/data/home/jeffrey/banana_hn_controls/training/colflor-c-mp-only/final",
  "domain": "hr",
  "dataset": "vidore/vidore_v3_hr",
  "metrics": {
    "recall@1": 0.032955864544912804,
    "recall@5": 0.08577626475370032,
    "recall@10": 0.12150499184681422,
    "ndcg@5": 0.08713984365054576,
    "ndcg@10": 0.09728867882245808,
    "num_eval_queries": 1908
  },
  "elapsed_sec": 200.26749873161316,
  "num_queries": 1908,
  "num_corpus_scored": 1110,
  "top_k": 10
}
