{
  "model_name": "c_mp_only_final",
  "model_path": "/data/home/jeffrey/banana_hn_controls/training/colflor-c-mp-only/final",
  "domain": "pharmaceuticals",
  "dataset": "vidore/vidore_v3_pharmaceuticals",
  "metrics": {
    "recall@1": 0.07176838344442718,
    "recall@5": 0.14730773842734274,
    "recall@10": 0.19320355036731965,
    "ndcg@5": 0.14861538587966236,
    "ndcg@10": 0.16140484233311111,
    "num_eval_queries": 2184
  },
  "elapsed_sec": 386.89245080947876,
  "num_queries": 2184,
  "num_corpus_scored": 2313,
  "top_k": 10
}
