{
  "model_name": "c_mp_only_final",
  "model_path": "/data/home/jeffrey/banana_hn_controls/training/colflor-c-mp-only/final",
  "domain": "physics",
  "dataset": "vidore/vidore_v3_physics",
  "metrics": {
    "recall@1": 0.03344161808558934,
    "recall@5": 0.09683928238883364,
    "recall@10": 0.1441199544095893,
    "ndcg@5": 0.10955071899548235,
    "ndcg@10": 0.12468693905141935,
    "num_eval_queries": 1812
  },
  "elapsed_sec": 296.876412153244,
  "num_queries": 1812,
  "num_corpus_scored": 1674,
  "top_k": 10
}