{
  "model_name": "baseline_vdr_50k_best",
  "model_path": "/data/home/jeffrey/banana_colflor_baseline/output/training/colflor-vdr-50k-b32-baseline/best",
  "domain": "energy",
  "dataset": "vidore/vidore_v3_energy",
  "metrics": {
    "recall@1": 0.0630030188065902,
    "recall@5": 0.15124845516043048,
    "recall@10": 0.21456856833054183,
    "ndcg@5": 0.13709793654387728,
    "ndcg@10": 0.1586225027821761,
    "num_eval_queries": 1848
  },
  "elapsed_sec": 425.3508987426758,
  "num_queries": 1848,
  "num_corpus_scored": 2225,
  "top_k": 10
}
