{
  "model_name": "baseline_vdr_50k_best",
  "model_path": "/data/home/jeffrey/banana_colflor_baseline/output/training/colflor-vdr-50k-b32-baseline/best",
  "domain": "finance_en",
  "dataset": "vidore/vidore_v3_finance_en",
  "metrics": {
    "recall@1": 0.05586643760456722,
    "recall@5": 0.12514689442309737,
    "recall@10": 0.17468149609424766,
    "ndcg@5": 0.1232182097380451,
    "ndcg@10": 0.14017701439460067,
    "num_eval_queries": 1854
  },
  "elapsed_sec": 539.9990644454956,
  "num_queries": 1854,
  "num_corpus_scored": 2942,
  "top_k": 10
}
