{
  "model_name": "baseline_vdr_50k_best",
  "model_path": "/data/home/jeffrey/banana_colflor_baseline/output/training/colflor-vdr-50k-b32-baseline/best",
  "domain": "finance_fr",
  "dataset": "vidore/vidore_v3_finance_fr",
  "metrics": {
    "recall@1": 0.033028179864117414,
    "recall@5": 0.08706461342635789,
    "recall@10": 0.12969598043903602,
    "ndcg@5": 0.08134560022129982,
    "ndcg@10": 0.09663790703838483,
    "num_eval_queries": 1920
  },
  "elapsed_sec": 442.7492356300354,
  "num_queries": 1920,
  "num_corpus_scored": 2384,
  "top_k": 10
}
