{
  "model_name": "baseline_vdr_50k_best",
  "model_path": "/data/home/jeffrey/banana_colflor_baseline/output/training/colflor-vdr-50k-b32-baseline/best",
  "domain": "industrial",
  "dataset": "vidore/vidore_v3_industrial",
  "metrics": {
    "recall@1": 0.03474357323738952,
    "recall@5": 0.07007057822303456,
    "recall@10": 0.08707032411315166,
    "ndcg@5": 0.07093640521887551,
    "ndcg@10": 0.0755206436269847,
    "num_eval_queries": 1698
  },
  "elapsed_sec": 961.9440634250641,
  "num_queries": 1698,
  "num_corpus_scored": 5244,
  "top_k": 10
}
