{
  "model_name": "vdr_random_hn_1k_best",
  "model_path": "/data/home/jeffrey/banana_hn_controls/training/colflor-vdr-50k-random-hn-1k/best",
  "domain": "computer_science",
  "dataset": "vidore/vidore_v3_computer_science",
  "metrics": {
    "recall@1": 0.06934081852686515,
    "recall@5": 0.1767594657710937,
    "recall@10": 0.23699992513946,
    "ndcg@5": 0.1834370681930038,
    "ndcg@10": 0.20136565306835003,
    "num_eval_queries": 1290
  },
  "elapsed_sec": 203.25933384895325,
  "num_queries": 1290,
  "num_corpus_scored": 1360,
  "top_k": 10
}