{
  "model_name": "vdr_random_hn_1k_best",
  "model_path": "/data/home/jeffrey/banana_hn_controls/training/colflor-vdr-50k-random-hn-1k/best",
  "domain": "finance_fr",
  "dataset": "vidore/vidore_v3_finance_fr",
  "metrics": {
    "recall@1": 0.026394301802160285,
    "recall@5": 0.0807145121749946,
    "recall@10": 0.12345366088501297,
    "ndcg@5": 0.07409516395181052,
    "ndcg@10": 0.08912708685654985,
    "num_eval_queries": 1920
  },
  "elapsed_sec": 405.0009787082672,
  "num_queries": 1920,
  "num_corpus_scored": 2384,
  "top_k": 10
}