{
  "model_name": "vdr_random_hn_1k_best",
  "model_path": "/data/home/jeffrey/banana_hn_controls/training/colflor-vdr-50k-random-hn-1k/best",
  "domain": "hr",
  "dataset": "vidore/vidore_v3_hr",
  "metrics": {
    "recall@1": 0.03343441720999798,
    "recall@5": 0.0849919023398984,
    "recall@10": 0.12153791776352064,
    "ndcg@5": 0.08721025886605345,
    "ndcg@10": 0.09815328988129374,
    "num_eval_queries": 1908
  },
  "elapsed_sec": 200.8070409297943,
  "num_queries": 1908,
  "num_corpus_scored": 1110,
  "top_k": 10
}
