{
  "model_name": "vdr_random_hn_1k_best",
  "model_path": "/data/home/jeffrey/banana_hn_controls/training/colflor-vdr-50k-random-hn-1k/best",
  "domain": "pharmaceuticals",
  "dataset": "vidore/vidore_v3_pharmaceuticals",
  "metrics": {
    "recall@1": 0.07110859349892296,
    "recall@5": 0.14205172274867123,
    "recall@10": 0.1879377875185437,
    "ndcg@5": 0.14185050960023016,
    "ndcg@10": 0.15566091679360877,
    "num_eval_queries": 2184
  },
  "elapsed_sec": 402.1397428512573,
  "num_queries": 2184,
  "num_corpus_scored": 2313,
  "top_k": 10
}