{
  "model_name": "c_hn_1k_best",
  "model_path": "/data/home/jeffrey/banana_hn_controls/training/colflor-c-hn-1k/best",
  "domain": "finance_fr",
  "dataset": "vidore/vidore_v3_finance_fr",
  "metrics": {
    "recall@1": 0.02594895768748872,
    "recall@5": 0.08134735113497234,
    "recall@10": 0.12132805650908442,
    "ndcg@5": 0.0733729341647034,
    "ndcg@10": 0.08807197361195791,
    "num_eval_queries": 1920
  },
  "elapsed_sec": 410.8709878921509,
  "num_queries": 1920,
  "num_corpus_scored": 2384,
  "top_k": 10
}
