{
  "model_name": "c_hn_1k_best",
  "model_path": "/data/home/jeffrey/banana_hn_controls/training/colflor-c-hn-1k/best",
  "domain": "hr",
  "dataset": "vidore/vidore_v3_hr",
  "metrics": {
    "recall@1": 0.03745914034859555,
    "recall@5": 0.08661466521223904,
    "recall@10": 0.12543219525762755,
    "ndcg@5": 0.0904386213572383,
    "ndcg@10": 0.10212794823161234,
    "num_eval_queries": 1908
  },
  "elapsed_sec": 200.11021518707275,
  "num_queries": 1908,
  "num_corpus_scored": 1110,
  "top_k": 10
}