{
  "model_name": "c_hn_1k_best",
  "model_path": "/data/home/jeffrey/banana_hn_controls/training/colflor-c-hn-1k/best",
  "domain": "pharmaceuticals",
  "dataset": "vidore/vidore_v3_pharmaceuticals",
  "metrics": {
    "recall@1": 0.06570288955067698,
    "recall@5": 0.13873110660612475,
    "recall@10": 0.1798803962189621,
    "ndcg@5": 0.13734801969722074,
    "ndcg@10": 0.14929275916148074,
    "num_eval_queries": 2184
  },
  "elapsed_sec": 386.0485019683838,
  "num_queries": 2184,
  "num_corpus_scored": 2313,
  "top_k": 10
}