{
  "model_name": "vdr_voyage_hn_1k_final",
  "model_path": "/data/home/jeffrey/banana_hn_controls/training/colflor-vdr-50k-voyage-hn-1k/final",
  "domain": "hr",
  "dataset": "vidore/vidore_v3_hr",
  "metrics": {
    "recall@1": 0.035778412404833856,
    "recall@5": 0.0886057053987625,
    "recall@10": 0.11730531711575269,
    "ndcg@5": 0.09007437027615232,
    "ndcg@10": 0.09808941367317837,
    "num_eval_queries": 1908
  },
  "elapsed_sec": 193.47591400146484,
  "num_queries": 1908,
  "num_corpus_scored": 1110,
  "top_k": 10
}
