{
  "model_name": "f_1k_final",
  "model_path": "/data/home/jeffrey/banana_hn_controls/training/colflor-f-1k/final",
  "domain": "finance_fr",
  "dataset": "vidore/vidore_v3_finance_fr",
  "metrics": {
    "recall@1": 0.02380952712524406,
    "recall@5": 0.06343599012262272,
    "recall@10": 0.0978261372348755,
    "ndcg@5": 0.05891916539997696,
    "ndcg@10": 0.07149761877449327,
    "num_eval_queries": 1920
  },
  "elapsed_sec": 477.6649820804596,
  "num_queries": 1920,
  "num_corpus_scored": 2384,
  "top_k": 10
}
