{
  "model_name": "f_1k_final",
  "model_path": "/data/home/jeffrey/banana_hn_controls/training/colflor-f-1k/final",
  "domain": "finance_en",
  "dataset": "vidore/vidore_v3_finance_en",
  "metrics": {
    "recall@1": 0.04327779520438855,
    "recall@5": 0.11289781641992663,
    "recall@10": 0.16153828931407144,
    "ndcg@5": 0.1098180329556541,
    "ndcg@10": 0.12699640961198205,
    "num_eval_queries": 1854
  },
  "elapsed_sec": 609.4993488788605,
  "num_queries": 1854,
  "num_corpus_scored": 2942,
  "top_k": 10
}