{
  "model_name": "f_1k_final",
  "model_path": "/data/home/jeffrey/banana_hn_controls/training/colflor-f-1k/final",
  "domain": "hr",
  "dataset": "vidore/vidore_v3_hr",
  "metrics": {
    "recall@1": 0.03525322796649007,
    "recall@5": 0.0897917266680447,
    "recall@10": 0.12551356675310812,
    "ndcg@5": 0.09117621443990827,
    "ndcg@10": 0.10108637918473881,
    "num_eval_queries": 1908
  },
  "elapsed_sec": 235.58869338035583,
  "num_queries": 1908,
  "num_corpus_scored": 1110,
  "top_k": 10
}
