{
  "model_name": "f_1k_final",
  "model_path": "/data/home/jeffrey/banana_hn_controls/training/colflor-f-1k/final",
  "domain": "pharmaceuticals",
  "dataset": "vidore/vidore_v3_pharmaceuticals",
  "metrics": {
    "recall@1": 0.06284984027107629,
    "recall@5": 0.1372387778968035,
    "recall@10": 0.17375615752963183,
    "ndcg@5": 0.1375259964979857,
    "ndcg@10": 0.14726719502513194,
    "num_eval_queries": 2184
  },
  "elapsed_sec": 429.48560881614685,
  "num_queries": 2184,
  "num_corpus_scored": 2313,
  "top_k": 10
}