{
  "model_name": "f_1k_best",
  "model_path": "/data/home/jeffrey/banana_hn_controls/training/colflor-f-1k/best",
  "domain": "finance_fr",
  "dataset": "vidore/vidore_v3_finance_fr",
  "metrics": {
    "recall@1": 0.025319117072334012,
    "recall@5": 0.06787727893514793,
    "recall@10": 0.10402759972794806,
    "ndcg@5": 0.0630331691567793,
    "ndcg@10": 0.0762554842627378,
    "num_eval_queries": 1920
  },
  "elapsed_sec": 491.2734217643738,
  "num_queries": 1920,
  "num_corpus_scored": 2384,
  "top_k": 10
}
