{
  "model_name": "f_1k_best",
  "model_path": "/data/home/jeffrey/banana_hn_controls/training/colflor-f-1k/best",
  "domain": "industrial",
  "dataset": "vidore/vidore_v3_industrial",
  "metrics": {
    "recall@1": 0.037829164684288395,
    "recall@5": 0.08223269275110387,
    "recall@10": 0.10579873938786777,
    "ndcg@5": 0.081780738510772,
    "ndcg@10": 0.08864454066570902,
    "num_eval_queries": 1698
  },
  "elapsed_sec": 1075.3234403133392,
  "num_queries": 1698,
  "num_corpus_scored": 5244,
  "top_k": 10
}
