{
  "model_name": "f_1k_best",
  "model_path": "/data/home/jeffrey/banana_hn_controls/training/colflor-f-1k/best",
  "domain": "physics",
  "dataset": "vidore/vidore_v3_physics",
  "metrics": {
    "recall@1": 0.030007631505253856,
    "recall@5": 0.09291924479774258,
    "recall@10": 0.13783776263694997,
    "ndcg@5": 0.10755164499173354,
    "ndcg@10": 0.12137501470771253,
    "num_eval_queries": 1812
  },
  "elapsed_sec": 407.6940667629242,
  "num_queries": 1812,
  "num_corpus_scored": 1674,
  "top_k": 10
}