{
  "model_name": "d_1k_best",
  "model_path": "/data/home/jeffrey/banana_hn_controls/training/colflor-d-1k/best",
  "domain": "energy",
  "dataset": "vidore/vidore_v3_energy",
  "metrics": {
    "recall@1": 0.06581956181547828,
    "recall@5": 0.1527445492039745,
    "recall@10": 0.21075625592873612,
    "ndcg@5": 0.1410791562293784,
    "ndcg@10": 0.15946241734416922,
    "num_eval_queries": 1848
  },
  "elapsed_sec": 376.08359694480896,
  "num_queries": 1848,
  "num_corpus_scored": 2225,
  "top_k": 10
}