{
  "model_name": "d_1k_best",
  "model_path": "/data/home/jeffrey/banana_hn_controls/training/colflor-d-1k/best",
  "domain": "finance_en",
  "dataset": "vidore/vidore_v3_finance_en",
  "metrics": {
    "recall@1": 0.05721309129987883,
    "recall@5": 0.12484828504515241,
    "recall@10": 0.1664765906402264,
    "ndcg@5": 0.12137680846776971,
    "ndcg@10": 0.13601605799305067,
    "num_eval_queries": 1854
  },
  "elapsed_sec": 506.56776690483093,
  "num_queries": 1854,
  "num_corpus_scored": 2942,
  "top_k": 10
}