{
  "model_name": "d_1k_best",
  "model_path": "/data/home/jeffrey/banana_hn_controls/training/colflor-d-1k/best",
  "domain": "hr",
  "dataset": "vidore/vidore_v3_hr",
  "metrics": {
    "recall@1": 0.035807759422176656,
    "recall@5": 0.08814111264782125,
    "recall@10": 0.11926439389989774,
    "ndcg@5": 0.0892838136494528,
    "ndcg@10": 0.09842023761205813,
    "num_eval_queries": 1908
  },
  "elapsed_sec": 197.12637543678284,
  "num_queries": 1908,
  "num_corpus_scored": 1110,
  "top_k": 10
}