{
  "model_name": "d_1k_best",
  "model_path": "/data/home/jeffrey/banana_hn_controls/training/colflor-d-1k/best",
  "domain": "pharmaceuticals",
  "dataset": "vidore/vidore_v3_pharmaceuticals",
  "metrics": {
    "recall@1": 0.06510345591552905,
    "recall@5": 0.13591385092344405,
    "recall@10": 0.17854232765246106,
    "ndcg@5": 0.1351744991624192,
    "ndcg@10": 0.14756146677929718,
    "num_eval_queries": 2184
  },
  "elapsed_sec": 386.6289999485016,
  "num_queries": 2184,
  "num_corpus_scored": 2313,
  "top_k": 10
}
