{
  "model_name": "d_1k_best",
  "model_path": "/data/home/jeffrey/banana_hn_controls/training/colflor-d-1k/best",
  "domain": "physics",
  "dataset": "vidore/vidore_v3_physics",
  "metrics": {
    "recall@1": 0.03678047588954122,
    "recall@5": 0.11072293808302469,
    "recall@10": 0.15376660841791684,
    "ndcg@5": 0.12329889764194059,
    "ndcg@10": 0.13510880132650108,
    "num_eval_queries": 1812
  },
  "elapsed_sec": 311.0953710079193,
  "num_queries": 1812,
  "num_corpus_scored": 1674,
  "top_k": 10
}