{
  "model_name": "c_mp_only_best",
  "model_path": "/data/home/jeffrey/banana_hn_controls/training/colflor-c-mp-only/best",
  "domain": "energy",
  "dataset": "vidore/vidore_v3_energy",
  "metrics": {
    "recall@1": 0.05270969462952419,
    "recall@5": 0.13910585112508142,
    "recall@10": 0.19734168800818372,
    "ndcg@5": 0.12209258654537233,
    "ndcg@10": 0.14188503767191604,
    "num_eval_queries": 1848
  },
  "elapsed_sec": 370.93586778640747,
  "num_queries": 1848,
  "num_corpus_scored": 2225,
  "top_k": 10
}