{
  "model_name": "c_mp_only_best",
  "model_path": "/data/home/jeffrey/banana_hn_controls/training/colflor-c-mp-only/best",
  "domain": "finance_en",
  "dataset": "vidore/vidore_v3_finance_en",
  "metrics": {
    "recall@1": 0.047936175669450916,
    "recall@5": 0.10531760969185197,
    "recall@10": 0.15900362498526932,
    "ndcg@5": 0.1079019650295623,
    "ndcg@10": 0.12657942533993757,
    "num_eval_queries": 1854
  },
  "elapsed_sec": 527.891042470932,
  "num_queries": 1854,
  "num_corpus_scored": 2942,
  "top_k": 10
}