{
  "model_name": "c_mp_only_best",
  "model_path": "/data/home/jeffrey/banana_hn_controls/training/colflor-c-mp-only/best",
  "domain": "finance_fr",
  "dataset": "vidore/vidore_v3_finance_fr",
  "metrics": {
    "recall@1": 0.025636874699374725,
    "recall@5": 0.07239013051078472,
    "recall@10": 0.11406608507638581,
    "ndcg@5": 0.06503262449575184,
    "ndcg@10": 0.08068058854489134,
    "num_eval_queries": 1920
  },
  "elapsed_sec": 405.88034176826477,
  "num_queries": 1920,
  "num_corpus_scored": 2384,
  "top_k": 10
}