{
  "model_name": "c_mp_only_best",
  "model_path": "/data/home/jeffrey/banana_hn_controls/training/colflor-c-mp-only/best",
  "domain": "hr",
  "dataset": "vidore/vidore_v3_hr",
  "metrics": {
    "recall@1": 0.03276868275395743,
    "recall@5": 0.08554041569709654,
    "recall@10": 0.12152739793509254,
    "ndcg@5": 0.08688650801617682,
    "ndcg@10": 0.0970523576777091,
    "num_eval_queries": 1908
  },
  "elapsed_sec": 197.61060690879822,
  "num_queries": 1908,
  "num_corpus_scored": 1110,
  "top_k": 10
}