{
  "model_name": "c_mp_only_best",
  "model_path": "/data/home/jeffrey/banana_hn_controls/training/colflor-c-mp-only/best",
  "domain": "pharmaceuticals",
  "dataset": "vidore/vidore_v3_pharmaceuticals",
  "metrics": {
    "recall@1": 0.07221700889305262,
    "recall@5": 0.1464474164131746,
    "recall@10": 0.19299813091396062,
    "ndcg@5": 0.14845723558420462,
    "ndcg@10": 0.16177036534512623,
    "num_eval_queries": 2184
  },
  "elapsed_sec": 385.1407952308655,
  "num_queries": 2184,
  "num_corpus_scored": 2313,
  "top_k": 10
}